Time,"UTC TIME",Anum,Fnum,Height,Speed,Angle,Longitude,Latitude
1781651271,"2026-06-16 23:07:51",B657U,G52845,152.4,274.096,174,122.36351776123,29.922958374023
1781651286,"2026-06-16 23:08:06",B657U,G52845,335.28,268.54,185,122.36396789551,29.913070678711
1781651301,"2026-06-16 23:08:21",B657U,G52845,548.64,261.132,189,122.36234283447,29.9033203125
1781651316,"2026-06-16 23:08:36",B657U,G52845,716.28,294.468,192,122.36022949219,29.893020629883
1781651331,"2026-06-16 23:08:51",B657U,G52845,891.54,327.804,226,122.35403442383,29.882719039917
1781651346,"2026-06-16 23:09:06",B657U,G52845,1089.66,346.324,266,122.3406829834,29.878297805786
1781651361,"2026-06-16 23:09:21",B657U,G52845,1303.02,366.696,298,122.32614135742,29.882253646851
1781651376,"2026-06-16 23:09:36",B657U,G52845,1455.42,401.884,302,122.31170654297,29.889656066895
1781651391,"2026-06-16 23:09:51",B657U,G52845,1577.34,427.812,301,122.29619598389,29.897895812988
1781651406,"2026-06-16 23:10:06",B657U,G52845,1737.36,431.516,301,122.28057861328,29.906227111816
1781651421,"2026-06-16 23:10:21",B657U,G52845,1882.14,466.704,301,122.26432037354,29.914890289307
1781651436,"2026-06-16 23:10:36",B657U,G52845,2004.06,507.448,293,122.24508666992,29.923830032349
1781651451,"2026-06-16 23:10:51",B657U,G52845,2125.98,509.3,274,122.22383117676,29.927503585815
1781651466,"2026-06-16 23:11:06",B657U,G52845,2240.28,505.596,269,122.20211029053,29.927349090576
1781651481,"2026-06-16 23:11:21",B657U,G52845,2354.58,507.448,269,122.1798324585,29.9267578125
1781651496,"2026-06-16 23:11:36",B657U,G52845,2461.26,509.3,268,122.15824890137,29.9260597229
1781651511,"2026-06-16 23:11:51",B657U,G52845,2583.18,513.004,268,122.1362991333,29.925338745117
1781651526,"2026-06-16 23:12:06",B657U,G52845,2697.48,513.004,268,122.1131439209,29.924615859985
1781651541,"2026-06-16 23:12:21",B657U,G52845,2743.2,516.708,268,122.09150695801,29.923824310303
1781651556,"2026-06-16 23:12:36",B657U,G52845,2750.82,518.56,268,122.06931304932,29.923139572144
1781651571,"2026-06-16 23:12:51",B657U,G52845,2750.82,518.56,268,122.04685211182,29.922409057617
1781651586,"2026-06-16 23:13:06",B657U,G52845,2743.2,518.56,268,122.02477264404,29.921680450439
1781651601,"2026-06-16 23:13:21",B657U,G52845,2750.82,518.56,268,122.00257110596,29.92094039917
1781651616,"2026-06-16 23:13:36",B657U,G52845,2743.2,518.56,268,121.98007202148,29.920166015625
1781651631,"2026-06-16 23:13:51",B657U,G52845,2750.82,518.56,268,121.95599365234,29.919342041016
1781651646,"2026-06-16 23:14:06",B657U,G52845,2750.82,514.856,268,121.93390655518,29.918565750122
1781651661,"2026-06-16 23:14:21",B657U,G52845,2743.2,511.152,268,121.91204071045,29.917770385742
1781651676,"2026-06-16 23:14:36",B657U,G52845,2743.2,511.152,268,121.88946533203,29.916982650757
1781651691,"2026-06-16 23:14:51",B657U,G52845,2750.82,511.152,268,121.8678894043,29.916229248047
1781651706,"2026-06-16 23:15:06",B657U,G52845,2743.2,511.152,268,121.84574127197,29.915399551392
1781651721,"2026-06-16 23:15:21",B657U,G52845,2750.82,511.152,268,121.82371520996,29.914608001709
1781651736,"2026-06-16 23:15:36",B657U,G52845,2750.82,509.3,268,121.80126953125,29.913803100586
1781651751,"2026-06-16 23:15:51",B657U,G52845,2743.2,509.3,268,121.7794342041,29.913024902344
1781651766,"2026-06-16 23:16:06",B657U,G52845,2743.2,509.3,268,121.75779724121,29.912233352661
1781651781,"2026-06-16 23:16:21",B657U,G52845,2750.82,511.152,268,121.73535919189,29.911420822144
1781651796,"2026-06-16 23:16:36",B657U,G52845,2781.3,520.412,267,121.713722229,29.910598754883
1781651811,"2026-06-16 23:16:51",B657U,G52845,2956.56,520.412,264,121.69109344482,29.90938949585
1781651826,"2026-06-16 23:17:06",B657U,G52845,3162.3,524.116,250,121.66931152344,29.904190063477
1781651841,"2026-06-16 23:17:21",B657U,G52845,3337.56,548.192,248,121.64754486084,29.896820068359
1781651856,"2026-06-16 23:17:36",B657U,G52845,3459.48,577.824,248,121.62511444092,29.888957977295
1781651871,"2026-06-16 23:17:51",B657U,G52845,3581.4,596.344,248,121.60148620605,29.880569458008
1781651886,"2026-06-16 23:18:06",B657U,G52845,3596.64,592.64,248,121.57808685303,29.87228012085
1781651901,"2026-06-16 23:18:21",B657U,G52845,3596.64,592.64,248,121.55419158936,29.863819122314
1781651916,"2026-06-16 23:18:36",B657U,G52845,3596.64,588.936,248,121.53092193604,29.855533599854
1781651931,"2026-06-16 23:18:51",B657U,G52845,3596.64,587.084,248,121.5071182251,29.847059249878
1781651946,"2026-06-16 23:19:06",B657U,G52845,3596.64,588.936,248,121.48280334473,29.838359832764
1781651961,"2026-06-16 23:19:21",B657U,G52845,3596.64,592.64,248,121.45999908447,29.83025932312
1781651976,"2026-06-16 23:19:36",B657U,G52845,3596.64,594.492,248,121.43630218506,29.821830749512
1781651991,"2026-06-16 23:19:51",B657U,G52845,3596.64,592.64,248,121.41293334961,29.813499450684
1781652006,"2026-06-16 23:20:06",B657U,G52845,3596.64,594.492,248,121.38941955566,29.805080413818
1781652021,"2026-06-16 23:20:21",B657U,G52845,3596.64,594.492,248,121.36521148682,29.796459197998
1781652036,"2026-06-16 23:20:36",B657U,G52845,3596.64,590.788,248,121.34204101562,29.788190841675
1781652051,"2026-06-16 23:20:51",B657U,G52845,3596.64,588.936,248,121.31848144531,29.779769897461
1781652066,"2026-06-16 23:21:06",B657U,G52845,3596.64,592.64,248,121.29476928711,29.771270751953
1781652081,"2026-06-16 23:21:21",B657U,G52845,3596.64,594.492,248,121.2712097168,29.762880325317
1781652096,"2026-06-16 23:21:36",B657U,G52845,3596.64,594.492,248,121.24659729004,29.754043579102
1781652111,"2026-06-16 23:21:51",B657U,G52845,3672.84,590.788,248,121.22314453125,29.745670318604
1781652126,"2026-06-16 23:22:06",B657U,G52845,3817.62,594.492,248,121.19873809814,29.736919403076
1781652141,"2026-06-16 23:22:21",B657U,G52845,3939.54,598.196,248,121.17339324951,29.727769851685
1781652156,"2026-06-16 23:22:36",B657U,G52845,4061.46,605.604,248,121.14719390869,29.718338012695
1781652171,"2026-06-16 23:22:51",B657U,G52845,4175.76,607.456,248,121.12305450439,29.70964050293
1781652186,"2026-06-16 23:23:06",B657U,G52845,4206.24,611.16,248,121.09938812256,29.701169967651
1781652201,"2026-06-16 23:23:21",B657U,G52845,4206.24,614.864,248,121.07488250732,29.692319869995
1781652215,"2026-06-16 23:23:35",B657U,G52845,4206.24,616.716,248,121.05677032471,29.685789108276
1781652230,"2026-06-16 23:23:50",B657U,G52845,4206.24,616.716,248,121.03201293945,29.676864624023
1781652245,"2026-06-16 23:24:05",B657U,G52845,4206.24,618.568,248,121.00759124756,29.668029785156
1781652260,"2026-06-16 23:24:20",B657U,G52845,4206.24,618.568,248,120.98171234131,29.658689498901
1781652275,"2026-06-16 23:24:35",B657U,G52845,4206.24,616.716,248,120.95603179932,29.64940071106
1781652290,"2026-06-16 23:24:50",B657U,G52845,4206.24,616.716,248,120.93082427979,29.640321731567
1781652305,"2026-06-16 23:25:05",B657U,G52845,4206.24,613.012,248,120.90591430664,29.631317138672
1781652320,"2026-06-16 23:25:20",B657U,G52845,4206.24,611.16,248,120.88230133057,29.622756958008
1781652335,"2026-06-16 23:25:35",B657U,G52845,4206.24,611.16,248,120.85636901855,29.613370895386
1781652350,"2026-06-16 23:25:50",B657U,G52845,4206.24,609.308,252,120.83151245117,29.604709625244
1781652370,"2026-06-16 23:26:10",B657U,G52845,4206.24,611.16,264,120.80359649658,29.599910736084
1781652385,"2026-06-16 23:26:25",B657U,G52845,4206.24,614.864,271,120.77798461914,29.599822998047
1781652400,"2026-06-16 23:26:40",B657U,G52845,4274.82,624.124,272,120.7515411377,29.600427627563
1781652415,"2026-06-16 23:26:55",B657U,G52845,4480.56,624.124,272,120.72326660156,29.601217269897
1781652430,"2026-06-16 23:27:10",B657U,G52845,4686.3,627.828,272,120.69728088379,29.601974487305
1781652445,"2026-06-16 23:27:25",B657U,G52845,4861.56,637.088,272,120.67027282715,29.602708816528
1781652460,"2026-06-16 23:27:40",B657U,G52845,5006.34,648.2,272,120.64318847656,29.603530883789
1781652475,"2026-06-16 23:27:55",B657U,G52845,5158.74,659.312,272,120.61447906494,29.604290008545
1781652490,"2026-06-16 23:28:10",B657U,G52845,5341.62,659.312,272,120.58673095703,29.605041503906
1781652505,"2026-06-16 23:28:25",B657U,G52845,5524.5,663.016,272,120.5583114624,29.605819702148
1781652520,"2026-06-16 23:28:40",B657U,G52845,5684.52,670.424,272,120.52831268311,29.606664657593
1781652535,"2026-06-16 23:28:55",B657U,G52845,5867.4,674.128,272,120.49826049805,29.607503890991
1781652550,"2026-06-16 23:29:10",B657U,G52845,5981.7,675.98,272,120.46904754639,29.608291625977
1781652565,"2026-06-16 23:29:25",B657U,G52845,6004.56,670.424,272,120.43952178955,29.609115600586
1781652580,"2026-06-16 23:29:40",B657U,G52845,6004.56,659.312,272,120.41194915771,29.609848022461
1781652595,"2026-06-16 23:29:55",B657U,G52845,6004.56,650.052,272,120.38385009766,29.610626220703
1781652610,"2026-06-16 23:30:10",B657U,G52845,6004.56,648.2,272,120.35527801514,29.611358642578
1781652625,"2026-06-16 23:30:25",B657U,G52845,6004.56,648.2,272,120.32834625244,29.612060546875
1781652640,"2026-06-16 23:30:40",B657U,G52845,6004.56,651.904,272,120.29959106445,29.612810134888
1781652655,"2026-06-16 23:30:55",B657U,G52845,6004.56,651.904,272,120.27196502686,29.613554000854
1781652670,"2026-06-16 23:31:10",B657U,G52845,6004.56,651.904,272,120.24414825439,29.614242553711
1781652685,"2026-06-16 23:31:25",B657U,G52845,6012.18,655.608,272,120.2161026001,29.614974975586
1781652699,"2026-06-16 23:31:39",B657U,G52845,6149.34,659.312,272,120.18741607666,29.615707397461
1781652714,"2026-06-16 23:31:54",B657U,G52845,6332.22,659.312,272,120.15956878662,29.616441726685
1781652729,"2026-06-16 23:32:09",B657U,G52845,6499.86,663.016,272,120.1311340332,29.617139816284
1781652744,"2026-06-16 23:32:24",B657U,G52845,6675.12,663.016,272,120.10243225098,29.617858886719
1781652759,"2026-06-16 23:32:39",B657U,G52845,6842.76,666.72,272,120.07348632812,29.618591308594
1781652774,"2026-06-16 23:32:54",B657U,G52845,6957.06,675.98,272,120.04496765137,29.619277954102
1781652789,"2026-06-16 23:33:09",B657U,G52845,7071.36,688.944,272,120.01522827148,29.620010375977
1781652804,"2026-06-16 23:33:24",B657U,G52845,7170.42,701.908,272,119.98594665527,29.620723724365
1781652819,"2026-06-16 23:33:39",B657U,G52845,7193.28,713.02,271,119.95523071289,29.621429443359
1781652834,"2026-06-16 23:33:54",B657U,G52845,7193.28,713.02,272,119.92476654053,29.62216758728
1781652849,"2026-06-16 23:34:09",B657U,G52845,7193.28,711.168,272,119.89417266846,29.62286567688
1781652864,"2026-06-16 23:34:24",B657U,G52845,7193.28,707.464,272,119.8636932373,29.623563766479
1781652879,"2026-06-16 23:34:39",B657U,G52845,7193.28,707.464,271,119.83348083496,29.624269485474
1781652894,"2026-06-16 23:34:54",B657U,G52845,7193.28,707.464,271,119.80310821533,29.624954223633
1781652909,"2026-06-16 23:35:09",B657U,G52845,7193.28,707.464,271,119.77208709717,29.625658035278
1781652924,"2026-06-16 23:35:24",B657U,G52845,7193.28,707.464,271,119.7417678833,29.626310348511
1781652939,"2026-06-16 23:35:39",B657U,G52845,7193.28,707.464,271,119.71199798584,29.626968383789
1781652954,"2026-06-16 23:35:54",B657U,G52845,7193.28,707.464,271,119.68163299561,29.627660751343
1781652969,"2026-06-16 23:36:09",B657U,G52845,7193.28,707.464,271,119.65065002441,29.628309249878
1781652984,"2026-06-16 23:36:24",B657U,G52845,7193.28,707.464,271,119.62050628662,29.628980636597
1781652999,"2026-06-16 23:36:39",B657U,G52845,7193.28,703.76,272,119.59024810791,29.629619598389
1781653014,"2026-06-16 23:36:54",B657U,G52845,7193.28,703.76,271,119.56021881104,29.630220413208
1781653029,"2026-06-16 23:37:09",B657U,G52845,7193.28,703.76,271,119.53001403809,29.63087272644
1781653044,"2026-06-16 23:37:24",B657U,G52845,7193.28,703.76,271,119.49936676025,29.631477355957
1781653059,"2026-06-16 23:37:39",B657U,G52845,7193.28,703.76,274,119.46952819824,29.632730484009
1781653074,"2026-06-16 23:37:54",B657U,G52845,7193.28,705.612,275,119.43907928467,29.634704589844
1781653089,"2026-06-16 23:38:09",B657U,G52845,7193.28,707.464,274,119.40797424316,29.636627197266
1781653104,"2026-06-16 23:38:24",B657U,G52845,7193.28,705.612,274,119.3776550293,29.638366699219
1781653119,"2026-06-16 23:38:39",B657U,G52845,7193.28,707.464,274,119.34706878662,29.640043258667
1781653134,"2026-06-16 23:38:54",B657U,G52845,7193.28,707.464,262,119.31831359863,29.6390209198
1781653149,"2026-06-16 23:39:09",B657U,G52845,7193.28,709.316,251,119.28820037842,29.631755828857
1781653164,"2026-06-16 23:39:24",B657U,G52845,7193.28,709.316,249,119.25933837891,29.622072219849
1781653179,"2026-06-16 23:39:39",B657U,G52845,7193.28,705.612,249,119.23220062256,29.612760543823
1781653194,"2026-06-16 23:39:54",B657U,G52845,7193.28,703.76,248,119.20359802246,29.602800369263
1781653209,"2026-06-16 23:40:09",B657U,G52845,7193.28,705.612,249,119.17566680908,29.593090057373
1781653224,"2026-06-16 23:40:24",B657U,G52845,7193.28,705.612,249,119.14624023438,29.582830429077
1781653239,"2026-06-16 23:40:39",B657U,G52845,7193.28,703.76,249,119.11699676514,29.572629928589
1781653254,"2026-06-16 23:40:54",B657U,G52845,7193.28,701.908,249,119.08786773682,29.562490463257
1781653269,"2026-06-16 23:41:09",B657U,G52845,7193.28,698.204,249,119.05959320068,29.552570343018
1781653284,"2026-06-16 23:41:24",B657U,G52845,7193.28,696.352,249,119.030418396,29.542369842529
1781653299,"2026-06-16 23:41:39",B657U,G52845,7193.28,696.352,249,119.00395965576,29.533069610596
1781653319,"2026-06-16 23:41:59",B657U,G52845,7193.28,696.352,249,118.97458648682,29.522779464722
1781653334,"2026-06-16 23:42:14",B657U,G52845,7193.28,696.352,249,118.94634246826,29.512859344482
1781653349,"2026-06-16 23:42:29",B657U,G52845,7193.28,692.648,254,118.91638946533,29.50359916687
1781653364,"2026-06-16 23:42:44",B657U,G52845,7193.28,690.796,261,118.88522338867,29.49806022644
1781653379,"2026-06-16 23:42:59",B657U,G52845,7193.28,688.944,262,118.85549163818,29.494449615479
1781653394,"2026-06-16 23:43:14",B657U,G52845,7193.28,688.944,263,118.82495880127,29.490970611572
1781653409,"2026-06-16 23:43:29",B657U,G52845,7193.28,688.944,263,118.79368591309,29.487396240234
1781653429,"2026-06-16 23:43:49",B657U,G52845,7193.28,688.944,263,118.7624206543,29.483825683594
1781653444,"2026-06-16 23:44:04",B657U,G52845,7193.28,688.944,263,118.73291015625,29.480459213257
1781653459,"2026-06-16 23:44:19",B657U,G52845,7193.28,688.944,263,118.70342254639,29.477100372314
1781653474,"2026-06-16 23:44:34",B657U,G52845,7193.28,685.24,263,118.67404937744,29.473760604858
1781653489,"2026-06-16 23:44:49",B657U,G52845,7193.28,685.24,263,118.64572143555,29.470499038696
1781653504,"2026-06-16 23:45:04",B657U,G52845,7193.28,685.24,263,118.61658477783,29.467147827148
1781653519,"2026-06-16 23:45:19",B657U,G52845,7193.28,685.24,263,118.58642578125,29.463729858398
1781653534,"2026-06-16 23:45:34",B657U,G52845,7193.28,685.24,263,118.55787658691,29.460439682007
1781653549,"2026-06-16 23:45:49",B657U,G52845,7193.28,683.388,263,118.52822113037,29.457000732422
1781653564,"2026-06-16 23:46:04",B657U,G52845,7193.28,681.536,255,118.49870300293,29.451370239258
1781653579,"2026-06-16 23:46:19",B657U,G52845,7193.28,683.388,249,118.47132873535,29.442760467529
1781653599,"2026-06-16 23:46:39",B657U,G52845,7193.28,683.388,249,118.43659973145,29.430740356445
1781653614,"2026-06-16 23:46:54",B657U,G52845,7170.42,685.24,248,118.40606689453,29.420036315918
1781653629,"2026-06-16 23:47:09",B657U,G52845,7078.98,681.536,249,118.37634277344,29.409469604492
1781653644,"2026-06-16 23:47:24",B657U,G52845,7002.78,685.24,248,118.34731292725,29.399179458618
1781653659,"2026-06-16 23:47:39",B657U,G52845,6918.96,688.944,248,118.3190612793,29.389209747314
1781653674,"2026-06-16 23:47:54",B657U,G52845,6850.38,687.092,248,118.29296875,29.379909515381
1781653689,"2026-06-16 23:48:09",B657U,G52845,6774.18,679.684,248,118.26480865479,29.369850158691
1781653709,"2026-06-16 23:48:29",B657U,G52845,6690.36,672.276,248,118.23708343506,29.360000610352
1781653724,"2026-06-16 23:48:44",B657U,G52845,6606.54,666.72,248,118.20909118652,29.350070953369
1781653739,"2026-06-16 23:48:59",B657U,G52845,6530.34,670.424,248,118.18197631836,29.340389251709
1781653754,"2026-06-16 23:49:14",B657U,G52845,6454.14,672.276,248,118.15419006348,29.33046913147
1781653769,"2026-06-16 23:49:29",B657U,G52845,6370.32,670.424,248,118.125,29.320039749146
1781653789,"2026-06-16 23:49:49",B657U,G52845,6271.26,666.72,248,118.09150695801,29.308040618896
1781653804,"2026-06-16 23:50:04",B657U,G52845,6187.44,663.016,248,118.06198883057,29.297470092773
1781653819,"2026-06-16 23:50:19",B657U,G52845,6118.86,661.164,248,118.03816986084,29.288959503174
1781653834,"2026-06-16 23:50:34",B657U,G52845,6042.66,657.46,248,118.01114654541,29.279260635376
1781653849,"2026-06-16 23:50:49",B657U,G52845,5966.46,653.756,248,117.98481750488,29.2698097229
1781653864,"2026-06-16 23:51:04",B657U,G52845,5882.64,648.2,248,117.95729827881,29.259899139404
1781653884,"2026-06-16 23:51:24",B657U,G52845,5791.2,644.496,248,117.9270324707,29.249040603638
1781653899,"2026-06-16 23:51:39",B657U,G52845,5715,640.792,248,117.90088653564,29.239610671997
1781653914,"2026-06-16 23:51:54",B657U,G52845,5638.8,638.94,248,117.87522125244,29.230361938477
1781653929,"2026-06-16 23:52:09",B657U,G52845,5562.6,637.088,248,117.84960174561,29.221160888672
1781653944,"2026-06-16 23:52:24",B657U,G52845,5486.4,637.088,248,117.82524871826,29.212369918823
1781653959,"2026-06-16 23:52:39",B657U,G52845,5402.58,637.088,248,117.79821014404,29.202575683594
1781653974,"2026-06-16 23:52:54",B657U,G52845,5334,637.088,248,117.77401733398,29.193878173828
1781653989,"2026-06-16 23:53:09",B657U,G52845,5257.8,635.236,248,117.74801635742,29.184482574463
1781654004,"2026-06-16 23:53:24",B657U,G52845,5173.98,633.384,248,117.72315216064,29.175476074219
1781654019,"2026-06-16 23:53:39",B657U,G52845,5097.78,631.532,248,117.69831085205,29.166513442993
1781654034,"2026-06-16 23:53:54",B657U,G52845,5029.2,629.68,248,117.67337799072,29.157480239868
1781654049,"2026-06-16 23:54:09",B657U,G52845,4953,629.68,248,117.64830780029,29.148376464844
1781654064,"2026-06-16 23:54:24",B657U,G52845,4869.18,627.828,248,117.62269592285,29.139093399048
1781654079,"2026-06-16 23:54:39",B657U,G52845,4800.6,625.976,248,117.59862518311,29.130342483521
1781654094,"2026-06-16 23:54:54",B657U,G52845,4716.78,622.272,248,117.57315063477,29.12109375
1781654109,"2026-06-16 23:55:09",B657U,G52845,4663.44,620.42,248,117.55381774902,29.11408996582
1781654124,"2026-06-16 23:55:24",B657U,G52845,4587.24,618.568,247,117.53063201904,29.105667114258
1781654139,"2026-06-16 23:55:39",B657U,G52845,4511.04,618.568,247,117.50637054443,29.096824645996
1781654154,"2026-06-16 23:55:54",B657U,G52845,4427.22,616.716,235,117.48197937012,29.085977554321
1781654169,"2026-06-16 23:56:09",B657U,G52845,4343.4,622.272,212,117.46350097656,29.067720413208
1781654184,"2026-06-16 23:56:24",B657U,G52845,4267.2,629.68,188,117.45514678955,29.045520782471
1781654198,"2026-06-16 23:56:38",B657U,G52845,4213.86,635.236,166,117.45677185059,29.02271270752
1781654213,"2026-06-16 23:56:53",B657U,G52845,4206.24,644.496,145,117.47045135498,28.998550415039
1781654228,"2026-06-16 23:57:08",B657U,G52845,4206.24,644.496,142,117.4866104126,28.979509353638
1781654243,"2026-06-16 23:57:23",B657U,G52845,4206.24,644.496,142,117.50427246094,28.95922088623
1781654258,"2026-06-16 23:57:38",B657U,G52845,4183.38,642.644,142,117.51880645752,28.942640304565
1781654274,"2026-06-16 23:57:54",B657U,G52845,4069.08,637.088,143,117.53588867188,28.923137664795
1781654288,"2026-06-16 23:58:08",B657U,G52845,3931.92,631.532,142,117.55429077148,28.901819229126
1781654303,"2026-06-16 23:58:23",B657U,G52845,3909.06,633.384,142,117.57019042969,28.883470535278
1781654341,"2026-06-16 23:59:01",B657U,G52845,3848.1,638.94,142,117.61064147949,28.836639404297
1781654361,"2026-06-16 23:59:21",B657U,G52845,3749.04,635.236,142,117.63156890869,28.812379837036
1781654375,"2026-06-16 23:59:35",B657U,G52845,3665.22,635.236,142,117.64856719971,28.792650222778
1781654463,"2026-06-17 00:01:03",B657U,G52845,3307.08,635.236,142,117.73761749268,28.688749313354
1781654496,"2026-06-17 00:01:36",B657U,G52845,3131.82,550.044,143,117.76751708984,28.653810501099
1781654507,"2026-06-17 00:01:47",B657U,G52845,3086.1,514.856,142,117.776512146,28.643409729004
1781654535,"2026-06-17 00:02:15",B657U,G52845,2941.32,494.484,142,117.80030822754,28.61547088623
1781654550,"2026-06-17 00:02:30",B657U,G52845,2865.12,485.224,142,117.81304931641,28.600519180298
1781654565,"2026-06-17 00:02:45",B657U,G52845,2766.06,475.964,143,117.82653808594,28.584659576416
1781654580,"2026-06-17 00:03:00",B657U,G52845,2758.44,472.26,143,117.83692932129,28.572460174561
1781654599,"2026-06-17 00:03:19",B657U,G52845,2743.2,457.444,143,117.84986114502,28.557329177856
